trial,testing,parameters,initial_deadline,final_deadline,net_reward,actions,success
1,False,"{'a': 0.5, 'e': 0.995}",20,0,-99.80079829668178,"{0: 10, 1: 4, 2: 5, 3: 0, 4: 1}",0
2,False,"{'a': 0.5, 'e': 0.99}",25,0,-187.75408980478093,"{0: 10, 1: 3, 2: 9, 3: 1, 4: 2}",0
3,False,"{'a': 0.5, 'e': 0.985}",20,0,-65.84230398728188,"{0: 13, 1: 0, 2: 6, 3: 1, 4: 0}",0
4,False,"{'a': 0.5, 'e': 0.98}",20,0,-84.52576062480614,"{0: 12, 1: 4, 2: 2, 3: 1, 4: 1}",0
5,False,"{'a': 0.5, 'e': 0.975}",20,0,-92.9650258639979,"{0: 12, 1: 3, 2: 3, 3: 1, 4: 1}",0
6,False,"{'a': 0.5, 'e': 0.97}",20,0,-90.7915213325661,"{0: 15, 1: 1, 2: 2, 3: 0, 4: 2}",0
7,False,"{'a': 0.5, 'e': 0.965}",25,0,-112.07351169989036,"{0: 16, 1: 3, 2: 4, 3: 0, 4: 2}",0
8,False,"{'a': 0.5, 'e': 0.96}",20,0,-73.80987046943558,"{0: 14, 1: 1, 2: 4, 3: 0, 4: 1}",0
9,False,"{'a': 0.5, 'e': 0.955}",25,0,-69.87316711065321,"{0: 17, 1: 4, 2: 3, 3: 0, 4: 1}",0
10,False,"{'a': 0.5, 'e': 0.95}",20,0,-31.524360853399124,"{0: 15, 1: 2, 2: 2, 3: 1, 4: 0}",0
11,False,"{'a': 0.5, 'e': 0.945}",25,0,-129.37317218090968,"{0: 15, 1: 4, 2: 3, 3: 1, 4: 2}",0
12,False,"{'a': 0.5, 'e': 0.94}",20,0,-75.54566073531038,"{0: 11, 1: 2, 2: 6, 3: 1, 4: 0}",0
13,False,"{'a': 0.5, 'e': 0.9349999999999999}",25,0,-192.22040603497217,"{0: 13, 1: 2, 2: 4, 3: 4, 4: 2}",0
14,False,"{'a': 0.5, 'e': 0.9299999999999999}",20,0,-54.42012550825976,"{0: 15, 1: 0, 2: 3, 3: 2, 4: 0}",0
15,False,"{'a': 0.5, 'e': 0.9249999999999999}",20,0,-23.568828629937066,"{0: 14, 1: 5, 2: 1, 3: 0, 4: 0}",0
16,False,"{'a': 0.5, 'e': 0.9199999999999999}",20,0,-166.9542396996384,"{0: 10, 1: 2, 2: 3, 3: 3, 4: 2}",0
17,False,"{'a': 0.5, 'e': 0.9149999999999999}",20,0,-17.49850701017019,"{0: 16, 1: 1, 2: 3, 3: 0, 4: 0}",0
18,False,"{'a': 0.5, 'e': 0.9099999999999999}",25,0,-133.3148569412429,"{0: 13, 1: 3, 2: 7, 3: 1, 4: 1}",0
19,False,"{'a': 0.5, 'e': 0.9049999999999999}",25,0,-161.9634090190886,"{0: 14, 1: 6, 2: 1, 3: 1, 4: 3}",0
20,False,"{'a': 0.5, 'e': 0.8999999999999999}",35,0,-64.35802203718747,"{0: 25, 1: 2, 2: 8, 3: 0, 4: 0}",0
21,False,"{'a': 0.5, 'e': 0.8949999999999999}",20,0,-72.91995184650555,"{0: 14, 1: 1, 2: 4, 3: 0, 4: 1}",0
22,False,"{'a': 0.5, 'e': 0.8899999999999999}",20,0,-22.746103046751045,"{0: 15, 1: 3, 2: 2, 3: 0, 4: 0}",0
23,False,"{'a': 0.5, 'e': 0.8849999999999999}",25,0,-164.68972399988678,"{0: 15, 1: 3, 2: 3, 3: 1, 4: 3}",0
24,False,"{'a': 0.5, 'e': 0.8799999999999999}",20,0,-125.16148976455202,"{0: 11, 1: 2, 2: 5, 3: 0, 4: 2}",0
25,False,"{'a': 0.5, 'e': 0.8749999999999999}",20,0,-127.21637821634371,"{0: 11, 1: 1, 2: 6, 3: 0, 4: 2}",0
26,False,"{'a': 0.5, 'e': 0.8699999999999999}",30,0,-150.57784252428763,"{0: 22, 1: 0, 2: 4, 3: 1, 4: 3}",0
27,False,"{'a': 0.5, 'e': 0.8649999999999999}",20,0,-115.53379007132811,"{0: 13, 1: 0, 2: 5, 3: 0, 4: 2}",0
28,False,"{'a': 0.5, 'e': 0.8599999999999999}",20,0,-96.27138550200866,"{0: 14, 1: 2, 2: 2, 3: 0, 4: 2}",0
29,False,"{'a': 0.5, 'e': 0.8549999999999999}",25,0,-201.73349977069006,"{0: 16, 1: 0, 2: 4, 3: 1, 4: 4}",0
30,False,"{'a': 0.5, 'e': 0.8499999999999999}",20,0,-116.87437439961909,"{0: 13, 1: 2, 2: 2, 3: 1, 4: 2}",0
31,False,"{'a': 0.5, 'e': 0.8449999999999999}",25,0,-102.37909695308176,"{0: 16, 1: 2, 2: 5, 3: 1, 4: 1}",0
32,False,"{'a': 0.5, 'e': 0.8399999999999999}",20,0,-14.908403533592626,"{0: 16, 1: 1, 2: 3, 3: 0, 4: 0}",0
33,False,"{'a': 0.5, 'e': 0.8349999999999999}",20,0,-42.6525242022057,"{0: 14, 1: 0, 2: 6, 3: 0, 4: 0}",0
34,False,"{'a': 0.5, 'e': 0.8299999999999998}",20,0,-102.26825782257687,"{0: 14, 1: 0, 2: 4, 3: 0, 4: 2}",0
35,False,"{'a': 0.5, 'e': 0.8249999999999998}",30,0,-142.6578616434731,"{0: 18, 1: 3, 2: 4, 3: 5, 4: 0}",0
36,False,"{'a': 0.5, 'e': 0.8199999999999998}",30,22,-0.8101487105378773,"{0: 7, 1: 0, 2: 1, 3: 0, 4: 0}",1
37,False,"{'a': 0.5, 'e': 0.8149999999999998}",30,0,-129.13767120762145,"{0: 19, 1: 3, 2: 5, 3: 2, 4: 1}",0
38,False,"{'a': 0.5, 'e': 0.8099999999999998}",30,0,-54.80280337070937,"{0: 21, 1: 2, 2: 7, 3: 0, 4: 0}",0
39,False,"{'a': 0.5, 'e': 0.8049999999999998}",25,0,-126.63962847590243,"{0: 19, 1: 0, 2: 3, 3: 0, 4: 3}",0
40,False,"{'a': 0.5, 'e': 0.7999999999999998}",20,0,-105.32160088521289,"{0: 12, 1: 1, 2: 5, 3: 1, 4: 1}",0
41,False,"{'a': 0.5, 'e': 0.7949999999999998}",30,0,-126.20247737071132,"{0: 19, 1: 4, 2: 5, 3: 0, 4: 2}",0
42,False,"{'a': 0.5, 'e': 0.7899999999999998}",20,0,-74.69009336713874,"{0: 13, 1: 3, 2: 2, 3: 1, 4: 1}",0
43,False,"{'a': 0.5, 'e': 0.7849999999999998}",25,0,-121.27277501479442,"{0: 15, 1: 3, 2: 5, 3: 0, 4: 2}",0
44,False,"{'a': 0.5, 'e': 0.7799999999999998}",20,0,-235.89868616420927,"{0: 9, 1: 2, 2: 3, 3: 2, 4: 4}",0
45,False,"{'a': 0.5, 'e': 0.7749999999999998}",20,0,-139.80832143714233,"{0: 13, 1: 3, 2: 0, 3: 1, 4: 3}",0
46,False,"{'a': 0.5, 'e': 0.7699999999999998}",20,0,-12.837823035973798,"{0: 15, 1: 3, 2: 2, 3: 0, 4: 0}",0
47,False,"{'a': 0.5, 'e': 0.7649999999999998}",35,0,-174.9908237488837,"{0: 24, 1: 2, 2: 5, 3: 1, 4: 3}",0
48,False,"{'a': 0.5, 'e': 0.7599999999999998}",30,0,-55.67015505761686,"{0: 23, 1: 3, 2: 3, 3: 0, 4: 1}",0
49,False,"{'a': 0.5, 'e': 0.7549999999999998}",25,0,-64.24505115673539,"{0: 17, 1: 2, 2: 5, 3: 1, 4: 0}",0
50,False,"{'a': 0.5, 'e': 0.7499999999999998}",25,0,-101.35963155394543,"{0: 14, 1: 1, 2: 8, 3: 2, 4: 0}",0
51,False,"{'a': 0.5, 'e': 0.7449999999999998}",20,0,-188.5413196792289,"{0: 11, 1: 1, 2: 4, 3: 0, 4: 4}",0
52,False,"{'a': 0.5, 'e': 0.7399999999999998}",25,0,-79.34913705302303,"{0: 18, 1: 2, 2: 3, 3: 1, 4: 1}",0
53,False,"{'a': 0.5, 'e': 0.7349999999999998}",20,0,-133.46396791590308,"{0: 13, 1: 0, 2: 3, 3: 2, 4: 2}",0
54,False,"{'a': 0.5, 'e': 0.7299999999999998}",30,1,-49.53408961310011,"{0: 20, 1: 2, 2: 7, 3: 0, 4: 0}",1
55,False,"{'a': 0.5, 'e': 0.7249999999999998}",20,0,-60.422737032430064,"{0: 15, 1: 2, 2: 1, 3: 1, 4: 1}",0
56,False,"{'a': 0.5, 'e': 0.7199999999999998}",20,0,-65.95036780458057,"{0: 15, 1: 1, 2: 2, 3: 1, 4: 1}",0
57,False,"{'a': 0.5, 'e': 0.7149999999999997}",20,13,6.376569846221713,"{0: 6, 1: 1, 2: 0, 3: 0, 4: 0}",1
58,False,"{'a': 0.5, 'e': 0.7099999999999997}",25,0,-23.134348956876533,"{0: 20, 1: 1, 2: 4, 3: 0, 4: 0}",0
59,False,"{'a': 0.5, 'e': 0.7049999999999997}",25,6,-58.683290002712745,"{0: 14, 1: 0, 2: 4, 3: 0, 4: 1}",1
60,False,"{'a': 0.5, 'e': 0.6999999999999997}",25,0,-138.89181101397008,"{0: 16, 1: 2, 2: 3, 3: 2, 4: 2}",0
61,False,"{'a': 0.5, 'e': 0.6949999999999997}",20,0,-8.066031402061212,"{0: 17, 1: 0, 2: 3, 3: 0, 4: 0}",0
62,False,"{'a': 0.5, 'e': 0.6899999999999997}",30,0,-194.13237157913767,"{0: 20, 1: 0, 2: 4, 3: 3, 4: 3}",0
63,False,"{'a': 0.5, 'e': 0.6849999999999997}",30,0,-103.35693749453728,"{0: 23, 1: 0, 2: 5, 3: 0, 4: 2}",0
64,False,"{'a': 0.5, 'e': 0.6799999999999997}",20,0,-1.9718468571027405,"{0: 17, 1: 1, 2: 2, 3: 0, 4: 0}",0
65,False,"{'a': 0.5, 'e': 0.6749999999999997}",25,0,-83.73025092114484,"{0: 19, 1: 1, 2: 3, 3: 0, 4: 2}",0
66,False,"{'a': 0.5, 'e': 0.6699999999999997}",25,0,-18.089529654078284,"{0: 23, 1: 1, 2: 0, 3: 0, 4: 1}",0
67,False,"{'a': 0.5, 'e': 0.6649999999999997}",20,0,0.7634248488276222,"{0: 18, 1: 0, 2: 2, 3: 0, 4: 0}",0
68,False,"{'a': 0.5, 'e': 0.6599999999999997}",20,0,-59.84568965003851,"{0: 11, 1: 3, 2: 6, 3: 0, 4: 0}",1
69,False,"{'a': 0.5, 'e': 0.6549999999999997}",20,5,-73.7503440163211,"{0: 8, 1: 3, 2: 3, 3: 0, 4: 1}",1
70,False,"{'a': 0.5, 'e': 0.6499999999999997}",20,9,-32.6403681237429,"{0: 7, 1: 1, 2: 2, 3: 1, 4: 0}",1
71,False,"{'a': 0.5, 'e': 0.6449999999999997}",20,0,-155.99887297341184,"{0: 12, 1: 2, 2: 2, 3: 1, 4: 3}",0
72,False,"{'a': 0.5, 'e': 0.6399999999999997}",25,0,-74.23196494387452,"{0: 17, 1: 2, 2: 5, 3: 0, 4: 1}",0
73,False,"{'a': 0.5, 'e': 0.6349999999999997}",20,0,-3.7228907030689,"{0: 16, 1: 3, 2: 1, 3: 0, 4: 0}",0
74,False,"{'a': 0.5, 'e': 0.6299999999999997}",35,0,-28.095838081085667,"{0: 28, 1: 4, 2: 2, 3: 1, 4: 0}",0
75,False,"{'a': 0.5, 'e': 0.6249999999999997}",20,0,-59.49045061132003,"{0: 17, 1: 1, 2: 0, 3: 0, 4: 2}",0
76,False,"{'a': 0.5, 'e': 0.6199999999999997}",20,0,-25.37864212706893,"{0: 15, 1: 1, 2: 4, 3: 0, 4: 0}",0
77,False,"{'a': 0.5, 'e': 0.6149999999999997}",20,0,-116.69196768319655,"{0: 10, 1: 2, 2: 6, 3: 1, 4: 1}",0
78,False,"{'a': 0.5, 'e': 0.6099999999999997}",30,0,-17.260295692169485,"{0: 26, 1: 2, 2: 0, 3: 2, 4: 0}",0
79,False,"{'a': 0.5, 'e': 0.6049999999999996}",20,0,-97.84902344371831,"{0: 13, 1: 1, 2: 3, 3: 2, 4: 1}",0
80,False,"{'a': 0.5, 'e': 0.5999999999999996}",30,0,-134.8378118774832,"{0: 23, 1: 0, 2: 3, 3: 1, 4: 3}",0
81,False,"{'a': 0.5, 'e': 0.5949999999999996}",25,0,-92.30445751119446,"{0: 19, 1: 1, 2: 3, 3: 0, 4: 2}",0
82,False,"{'a': 0.5, 'e': 0.5899999999999996}",20,5,-5.039719488194952,"{0: 11, 1: 4, 2: 0, 3: 0, 4: 0}",1
83,False,"{'a': 0.5, 'e': 0.5849999999999996}",25,0,-78.62847797598526,"{0: 18, 1: 1, 2: 4, 3: 1, 4: 1}",0
84,False,"{'a': 0.5, 'e': 0.5799999999999996}",20,0,-80.94571278030244,"{0: 16, 1: 0, 2: 2, 3: 0, 4: 2}",0
85,False,"{'a': 0.5, 'e': 0.5749999999999996}",35,0,-111.66473018986203,"{0: 28, 1: 0, 2: 4, 3: 1, 4: 2}",0
86,False,"{'a': 0.5, 'e': 0.5699999999999996}",20,12,-22.717390079082293,"{0: 5, 1: 0, 2: 3, 3: 0, 4: 0}",1
87,False,"{'a': 0.5, 'e': 0.5649999999999996}",25,0,-31.12798402435946,"{0: 20, 1: 2, 2: 2, 3: 1, 4: 0}",0
88,False,"{'a': 0.5, 'e': 0.5599999999999996}",20,0,-28.59597151212993,"{0: 16, 1: 1, 2: 2, 3: 1, 4: 0}",0
89,False,"{'a': 0.5, 'e': 0.5549999999999996}",25,0,-71.53084946298262,"{0: 19, 1: 1, 2: 3, 3: 1, 4: 1}",0
90,False,"{'a': 0.5, 'e': 0.5499999999999996}",25,0,-31.472631229795105,"{0: 22, 1: 1, 2: 1, 3: 0, 4: 1}",0
91,False,"{'a': 0.5, 'e': 0.5449999999999996}",30,0,-96.01992081637695,"{0: 23, 1: 1, 2: 4, 3: 0, 4: 2}",0
92,False,"{'a': 0.5, 'e': 0.5399999999999996}",30,0,-94.46286964665812,"{0: 22, 1: 3, 2: 3, 3: 0, 4: 2}",0
93,False,"{'a': 0.5, 'e': 0.5349999999999996}",20,0,-52.017082728597494,"{0: 14, 1: 0, 2: 5, 3: 1, 4: 0}",0
94,False,"{'a': 0.5, 'e': 0.5299999999999996}",20,0,7.674190575162575,"{0: 18, 1: 0, 2: 2, 3: 0, 4: 0}",1
95,False,"{'a': 0.5, 'e': 0.5249999999999996}",35,0,-15.030746323816244,"{0: 30, 1: 1, 2: 3, 3: 1, 4: 0}",0
96,False,"{'a': 0.5, 'e': 0.5199999999999996}",25,0,-18.271743499548336,"{0: 21, 1: 1, 2: 2, 3: 1, 4: 0}",0
97,False,"{'a': 0.5, 'e': 0.5149999999999996}",25,0,-72.65482895061143,"{0: 21, 1: 0, 2: 2, 3: 0, 4: 2}",0
98,False,"{'a': 0.5, 'e': 0.5099999999999996}",20,0,-34.812506334172966,"{0: 17, 1: 0, 2: 2, 3: 0, 4: 1}",0
99,False,"{'a': 0.5, 'e': 0.5049999999999996}",25,0,-3.0570701608794835,"{0: 21, 1: 3, 2: 1, 3: 0, 4: 0}",0
100,False,"{'a': 0.5, 'e': 0.49999999999999956}",30,0,-89.7275526778384,"{0: 21, 1: 1, 2: 7, 3: 0, 4: 1}",0
101,False,"{'a': 0.5, 'e': 0.49499999999999955}",25,0,-74.54509377549341,"{0: 17, 1: 0, 2: 7, 3: 1, 4: 0}",0
102,False,"{'a': 0.5, 'e': 0.48999999999999955}",20,3,-3.450453449939004,"{0: 14, 1: 1, 2: 2, 3: 0, 4: 0}",1
103,False,"{'a': 0.5, 'e': 0.48499999999999954}",20,0,-29.889344242866624,"{0: 15, 1: 2, 2: 2, 3: 1, 4: 0}",0
104,False,"{'a': 0.5, 'e': 0.47999999999999954}",30,0,-82.60103965391934,"{0: 25, 1: 1, 2: 1, 3: 1, 4: 2}",0
105,False,"{'a': 0.5, 'e': 0.47499999999999953}",25,0,-60.158795980322346,"{0: 18, 1: 3, 2: 3, 3: 0, 4: 1}",0
106,False,"{'a': 0.5, 'e': 0.46999999999999953}",35,0,-22.041375135843953,"{0: 32, 1: 0, 2: 2, 3: 0, 4: 1}",0
107,False,"{'a': 0.5, 'e': 0.4649999999999995}",30,0,-61.848996008726466,"{0: 25, 1: 0, 2: 3, 3: 1, 4: 1}",0
108,False,"{'a': 0.5, 'e': 0.4599999999999995}",25,13,5.265788755762301,"{0: 11, 1: 0, 2: 1, 3: 0, 4: 0}",1
109,False,"{'a': 0.5, 'e': 0.4549999999999995}",20,0,-82.25591024423456,"{0: 13, 1: 3, 2: 2, 3: 1, 4: 1}",0
110,False,"{'a': 0.5, 'e': 0.4499999999999995}",20,0,19.406561802724706,"{0: 19, 1: 0, 2: 1, 3: 0, 4: 0}",0
111,False,"{'a': 0.5, 'e': 0.4449999999999995}",25,0,1.4502270995070856,"{0: 22, 1: 1, 2: 2, 3: 0, 4: 0}",0
112,False,"{'a': 0.5, 'e': 0.4399999999999995}",25,0,-43.79715245363579,"{0: 19, 1: 2, 2: 3, 3: 1, 4: 0}",0
113,False,"{'a': 0.5, 'e': 0.4349999999999995}",20,0,1.2395432408008693,"{0: 18, 1: 0, 2: 2, 3: 0, 4: 0}",0
114,False,"{'a': 0.5, 'e': 0.4299999999999995}",30,0,-140.81111021649633,"{0: 20, 1: 0, 2: 7, 3: 1, 4: 2}",0
115,False,"{'a': 0.5, 'e': 0.4249999999999995}",35,0,9.063342290607618,"{0: 31, 1: 2, 2: 2, 3: 0, 4: 0}",0
116,False,"{'a': 0.5, 'e': 0.4199999999999995}",30,0,-91.95413714515044,"{0: 23, 1: 2, 2: 3, 3: 0, 4: 2}",0
117,False,"{'a': 0.5, 'e': 0.4149999999999995}",30,0,-43.11735956605401,"{0: 25, 1: 1, 2: 3, 3: 0, 4: 1}",0
118,False,"{'a': 0.5, 'e': 0.4099999999999995}",30,0,-26.297246532475356,"{0: 25, 1: 0, 2: 4, 3: 1, 4: 0}",0
119,False,"{'a': 0.5, 'e': 0.40499999999999947}",30,0,-28.591225041951382,"{0: 27, 1: 1, 2: 0, 3: 1, 4: 1}",0
120,False,"{'a': 0.5, 'e': 0.39999999999999947}",25,0,-63.62950187126497,"{0: 19, 1: 1, 2: 3, 3: 1, 4: 1}",0
121,False,"{'a': 0.5, 'e': 0.39499999999999946}",20,0,-28.052876033334126,"{0: 18, 1: 0, 2: 1, 3: 0, 4: 1}",0
122,False,"{'a': 0.5, 'e': 0.38999999999999946}",20,0,8.41097492819826,"{0: 19, 1: 0, 2: 0, 3: 1, 4: 0}",0
123,False,"{'a': 0.5, 'e': 0.38499999999999945}",20,7,-94.60210823859059,"{0: 8, 1: 1, 2: 2, 3: 0, 4: 2}",1
124,False,"{'a': 0.5, 'e': 0.37999999999999945}",25,0,-96.21023814532454,"{0: 18, 1: 2, 2: 3, 3: 0, 4: 2}",0
125,False,"{'a': 0.5, 'e': 0.37499999999999944}",25,3,18.514470202539222,"{0: 21, 1: 0, 2: 1, 3: 0, 4: 0}",1
126,False,"{'a': 0.5, 'e': 0.36999999999999944}",25,0,-46.49712072028406,"{0: 23, 1: 0, 2: 0, 3: 0, 4: 2}",0
127,False,"{'a': 0.5, 'e': 0.36499999999999944}",20,0,-22.01216069375935,"{0: 17, 1: 0, 2: 2, 3: 1, 4: 0}",0
128,False,"{'a': 0.5, 'e': 0.35999999999999943}",35,23,-1.2440209932425823,"{0: 11, 1: 0, 2: 0, 3: 1, 4: 0}",1
129,False,"{'a': 0.5, 'e': 0.3549999999999994}",25,0,-31.00897862912828,"{0: 22, 1: 0, 2: 2, 3: 0, 4: 1}",0
130,False,"{'a': 0.5, 'e': 0.3499999999999994}",25,0,-68.23295900050205,"{0: 19, 1: 2, 2: 2, 3: 1, 4: 1}",0
131,False,"{'a': 0.5, 'e': 0.3449999999999994}",20,0,-45.66848074496838,"{0: 16, 1: 1, 2: 2, 3: 0, 4: 1}",0
132,False,"{'a': 0.5, 'e': 0.3399999999999994}",20,0,-35.529302841683574,"{0: 14, 1: 1, 2: 5, 3: 0, 4: 0}",0
133,False,"{'a': 0.5, 'e': 0.3349999999999994}",20,0,-71.47867021268604,"{0: 14, 1: 1, 2: 4, 3: 0, 4: 1}",0
134,False,"{'a': 0.5, 'e': 0.3299999999999994}",25,0,22.79251874467712,"{0: 24, 1: 0, 2: 1, 3: 0, 4: 0}",0
135,False,"{'a': 0.5, 'e': 0.3249999999999994}",35,0,-93.77079131919261,"{0: 28, 1: 0, 2: 5, 3: 0, 4: 2}",0
136,False,"{'a': 0.5, 'e': 0.3199999999999994}",20,0,-2.79594967265584,"{0: 18, 1: 0, 2: 1, 3: 1, 4: 0}",0
137,False,"{'a': 0.5, 'e': 0.3149999999999994}",25,0,-12.81464305313908,"{0: 24, 1: 0, 2: 0, 3: 0, 4: 1}",0
138,False,"{'a': 0.5, 'e': 0.3099999999999994}",30,0,-98.45304181443846,"{0: 22, 1: 3, 2: 3, 3: 0, 4: 2}",0
139,False,"{'a': 0.5, 'e': 0.3049999999999994}",25,0,-47.71957623033025,"{0: 20, 1: 0, 2: 3, 3: 2, 4: 0}",0
140,False,"{'a': 0.5, 'e': 0.2999999999999994}",20,0,5.929767594295484,"{0: 18, 1: 0, 2: 2, 3: 0, 4: 0}",0
141,False,"{'a': 0.5, 'e': 0.2949999999999994}",20,0,21.952254028711348,"{0: 19, 1: 0, 2: 1, 3: 0, 4: 0}",0
142,False,"{'a': 0.5, 'e': 0.28999999999999937}",30,0,-38.53074062513696,"{0: 27, 1: 0, 2: 1, 3: 1, 4: 1}",0
143,False,"{'a': 0.5, 'e': 0.28499999999999936}",35,12,32.88630495962094,"{0: 22, 1: 1, 2: 0, 3: 0, 4: 0}",1
144,False,"{'a': 0.5, 'e': 0.27999999999999936}",30,12,-8.975418104172174,"{0: 15, 1: 2, 2: 0, 3: 1, 4: 0}",1
145,False,"{'a': 0.5, 'e': 0.27499999999999936}",30,0,-16.78498463234606,"{0: 24, 1: 3, 2: 3, 3: 0, 4: 0}",0
146,False,"{'a': 0.5, 'e': 0.26999999999999935}",25,0,27.668834928656825,"{0: 25, 1: 0, 2: 0, 3: 0, 4: 0}",0
147,False,"{'a': 0.5, 'e': 0.26499999999999935}",20,12,-4.400019379221136,"{0: 6, 1: 1, 2: 1, 3: 0, 4: 0}",1
148,False,"{'a': 0.5, 'e': 0.25999999999999934}",20,0,22.042428779444755,"{0: 20, 1: 0, 2: 0, 3: 0, 4: 0}",0
149,False,"{'a': 0.5, 'e': 0.25499999999999934}",30,0,-6.355741491035424,"{0: 29, 1: 0, 2: 0, 3: 0, 4: 1}",0
150,False,"{'a': 0.5, 'e': 0.24999999999999933}",20,0,23.823435667364265,"{0: 20, 1: 0, 2: 0, 3: 0, 4: 0}",0
151,False,"{'a': 0.5, 'e': 0.24499999999999933}",25,0,10.107173972204016,"{0: 23, 1: 0, 2: 2, 3: 0, 4: 0}",0
152,False,"{'a': 0.5, 'e': 0.23999999999999932}",25,17,15.064298533180978,"{0: 8, 1: 0, 2: 0, 3: 0, 4: 0}",1
153,False,"{'a': 0.5, 'e': 0.23499999999999932}",25,0,-39.65435700584574,"{0: 22, 1: 0, 2: 1, 3: 1, 4: 1}",0
154,False,"{'a': 0.5, 'e': 0.22999999999999932}",25,1,11.698165248663132,"{0: 22, 1: 0, 2: 2, 3: 0, 4: 0}",1
155,False,"{'a': 0.5, 'e': 0.2249999999999993}",25,0,26.48389657035716,"{0: 24, 1: 0, 2: 1, 3: 0, 4: 0}",0
156,False,"{'a': 0.5, 'e': 0.2199999999999993}",20,0,-9.977078757893285,"{0: 17, 1: 0, 2: 3, 3: 0, 4: 0}",0
157,False,"{'a': 0.5, 'e': 0.2149999999999993}",25,0,7.835543359113566,"{0: 23, 1: 0, 2: 2, 3: 0, 4: 0}",0
158,False,"{'a': 0.5, 'e': 0.2099999999999993}",30,0,32.54470834455681,"{0: 29, 1: 1, 2: 0, 3: 0, 4: 0}",0
159,False,"{'a': 0.5, 'e': 0.2049999999999993}",20,0,15.178106875529911,"{0: 19, 1: 0, 2: 1, 3: 0, 4: 0}",0
160,False,"{'a': 0.5, 'e': 0.1999999999999993}",35,0,-12.170136595199226,"{0: 30, 1: 2, 2: 2, 3: 1, 4: 0}",0
161,False,"{'a': 0.5, 'e': 0.19499999999999929}",20,0,16.903702891909305,"{0: 19, 1: 0, 2: 1, 3: 0, 4: 0}",0
162,False,"{'a': 0.5, 'e': 0.18999999999999928}",25,0,-3.375278307943,"{0: 22, 1: 0, 2: 3, 3: 0, 4: 0}",0
163,False,"{'a': 0.5, 'e': 0.18499999999999928}",20,0,29.08059768061928,"{0: 20, 1: 0, 2: 0, 3: 0, 4: 0}",0
164,False,"{'a': 0.5, 'e': 0.17999999999999927}",25,0,8.647598058647413,"{0: 22, 1: 2, 2: 1, 3: 0, 4: 0}",0
165,False,"{'a': 0.5, 'e': 0.17499999999999927}",35,0,43.01438661719096,"{0: 35, 1: 0, 2: 0, 3: 0, 4: 0}",0
166,False,"{'a': 0.5, 'e': 0.16999999999999926}",20,0,-39.80355861210642,"{0: 17, 1: 0, 2: 1, 3: 1, 4: 1}",0
167,False,"{'a': 0.5, 'e': 0.16499999999999926}",30,0,8.216651004355985,"{0: 27, 1: 1, 2: 2, 3: 0, 4: 0}",0
168,False,"{'a': 0.5, 'e': 0.15999999999999925}",25,0,-12.154335720727008,"{0: 23, 1: 1, 2: 0, 3: 0, 4: 1}",0
169,False,"{'a': 0.5, 'e': 0.15499999999999925}",20,0,16.923350484458005,"{0: 19, 1: 0, 2: 1, 3: 0, 4: 0}",0
170,False,"{'a': 0.5, 'e': 0.14999999999999925}",20,6,26.520706438919618,"{0: 14, 1: 0, 2: 0, 3: 0, 4: 0}",1
171,False,"{'a': 0.5, 'e': 0.14499999999999924}",30,0,-38.504207763616776,"{0: 25, 1: 2, 2: 2, 3: 0, 4: 1}",0
172,False,"{'a': 0.5, 'e': 0.13999999999999924}",30,0,31.53334973811336,"{0: 29, 1: 0, 2: 1, 3: 0, 4: 0}",0
173,False,"{'a': 0.5, 'e': 0.13499999999999923}",25,0,25.750915854822267,"{0: 24, 1: 0, 2: 1, 3: 0, 4: 0}",0
174,False,"{'a': 0.5, 'e': 0.12999999999999923}",25,0,23.311972956828054,"{0: 24, 1: 0, 2: 1, 3: 0, 4: 0}",0
175,False,"{'a': 0.5, 'e': 0.12499999999999922}",20,11,17.62393773733021,"{0: 9, 1: 0, 2: 0, 3: 0, 4: 0}",1
176,False,"{'a': 0.5, 'e': 0.11999999999999922}",20,0,25.591886650288245,"{0: 20, 1: 0, 2: 0, 3: 0, 4: 0}",0
177,False,"{'a': 0.5, 'e': 0.11499999999999921}",30,0,37.83859084055752,"{0: 29, 1: 1, 2: 0, 3: 0, 4: 0}",0
178,False,"{'a': 0.5, 'e': 0.10999999999999921}",30,0,11.326129013842845,"{0: 28, 1: 0, 2: 2, 3: 0, 4: 0}",0
179,False,"{'a': 0.5, 'e': 0.1049999999999992}",20,0,25.25353039998512,"{0: 20, 1: 0, 2: 0, 3: 0, 4: 0}",0
180,False,"{'a': 0.5, 'e': 0.0999999999999992}",30,0,29.01934538537365,"{0: 29, 1: 0, 2: 1, 3: 0, 4: 0}",0
181,False,"{'a': 0.5, 'e': 0.0949999999999992}",25,0,15.257416665175764,"{0: 23, 1: 1, 2: 1, 3: 0, 4: 0}",0
182,False,"{'a': 0.5, 'e': 0.08999999999999919}",20,10,11.521565506589884,"{0: 10, 1: 0, 2: 0, 3: 0, 4: 0}",1
183,False,"{'a': 0.5, 'e': 0.08499999999999919}",25,0,36.67382487872514,"{0: 25, 1: 0, 2: 0, 3: 0, 4: 0}",0
184,False,"{'a': 0.5, 'e': 0.07999999999999918}",20,0,28.180267590941916,"{0: 20, 1: 0, 2: 0, 3: 0, 4: 0}",0
185,False,"{'a': 0.5, 'e': 0.07499999999999918}",25,0,17.75576868206498,"{0: 24, 1: 0, 2: 0, 3: 1, 4: 0}",0
186,False,"{'a': 0.5, 'e': 0.06999999999999917}",20,0,26.063650459896643,"{0: 20, 1: 0, 2: 0, 3: 0, 4: 0}",0
187,False,"{'a': 0.5, 'e': 0.06499999999999917}",20,13,11.846782580811773,"{0: 7, 1: 0, 2: 0, 3: 0, 4: 0}",1
188,False,"{'a': 0.5, 'e': 0.05999999999999917}",20,0,30.03862166718024,"{0: 20, 1: 0, 2: 0, 3: 0, 4: 0}",0
189,False,"{'a': 0.5, 'e': 0.054999999999999175}",25,0,-1.0090788078366235,"{0: 24, 1: 0, 2: 0, 3: 0, 4: 1}",0
190,False,"{'a': 0.5, 'e': 0.04999999999999918}",20,0,25.341349190991412,"{0: 20, 1: 0, 2: 0, 3: 0, 4: 0}",0
1,True,"{'a': 0, 'e': 0}",25,6,24.323755829723286,"{0: 19, 1: 0, 2: 0, 3: 0, 4: 0}",1
2,True,"{'a': 0, 'e': 0}",20,0,24.621685872514963,"{0: 20, 1: 0, 2: 0, 3: 0, 4: 0}",0
3,True,"{'a': 0, 'e': 0}",20,0,28.601295434567074,"{0: 20, 1: 0, 2: 0, 3: 0, 4: 0}",0
4,True,"{'a': 0, 'e': 0}",25,0,31.11363611157382,"{0: 25, 1: 0, 2: 0, 3: 0, 4: 0}",0
5,True,"{'a': 0, 'e': 0}",25,0,30.0750345403375,"{0: 25, 1: 0, 2: 0, 3: 0, 4: 0}",0
6,True,"{'a': 0, 'e': 0}",20,0,31.311271927134626,"{0: 20, 1: 0, 2: 0, 3: 0, 4: 0}",0
7,True,"{'a': 0, 'e': 0}",20,0,27.586571953887077,"{0: 20, 1: 0, 2: 0, 3: 0, 4: 0}",0
8,True,"{'a': 0, 'e': 0}",20,0,29.282485715819874,"{0: 20, 1: 0, 2: 0, 3: 0, 4: 0}",0
9,True,"{'a': 0, 'e': 0}",20,0,28.671259224959087,"{0: 20, 1: 0, 2: 0, 3: 0, 4: 0}",0
10,True,"{'a': 0, 'e': 0}",35,0,45.934068095712,"{0: 35, 1: 0, 2: 0, 3: 0, 4: 0}",0
